14:17:12.916482,603.47,0.001,603.29,1.08,1526905036.0,1526905014.0
14:17:14.678582,603.47,0.001,603.29,1.08,1526905036.0,1526905014.0
14:17:18.329791,603.47,0.001,603.29,1.08,1526905036.0,1526905014.0
14:17:21.569977,603.5,1.219,603.3,4.0,1526905001.0,1526905045.0
14:17:24.472143,603.5,1.219,603.3,4.0,1526905001.0,1526905045.0
14:17:29.705442,603.86,1.767,603.3,4.0,1526905054.0,1526905045.0
14:17:34.137695,603.86,1.767,603.3,4.0,1526905062.0,1526905045.0
14:17:36.688841,603.86,1.767,603.33,1.0,1526905062.0,1526905062.0
14:17:40.912083,603.85,0.884,603.3,4.0,1526905068.0,1526905045.0
14:17:46.069378,603.88,2.819,603.31,1.08,1526905069.0,1526905071.0
14:17:50.781647,603.97,4.108,603.38,1.0,1526905055.0,1526905077.0
14:17:54.725873,603.85,0.442,603.31,1.08,1526905079.0,1526905071.0
14:17:57.402026,603.85,0.442,603.31,1.08,1526905079.0,1526905071.0
14:17:59.525148,603.85,0.442,603.31,1.08,1526905079.0,1526905071.0
14:18:02.728331,603.95,0.221,603.37,1.0,1526905088.0,1526905090.0
14:18:06.953572,603.97,4.108,603.37,1.0,1526905055.0,1526905090.0
14:18:08.989689,603.97,4.108,603.37,1.0,1526905055.0,1526905090.0
14:18:12.035863,604.0,2.0,603.96,4.0,1526905042.0,1526905100.0
14:18:14.094981,604.0,2.0,603.96,4.0,1526905042.0,1526905100.0
14:18:17.060150,604.0,6.0,603.96,5.0,1526905105.0,1526905104.0
14:18:21.910428,604.0,2.0,603.38,8.597,1526905105.0,1526905107.0
14:18:25.616640,604.0,6.0,603.32,5.575,1526905113.0,1526905112.0
14:18:29.241847,604.0,2.0,603.33,2.926,1526905114.0,1526905117.0
14:18:32.854054,604.0,2.0,603.33,2.926,1526905114.0,1526905117.0
14:18:36.795279,604.0,2.0,603.36,1.0,1526905114.0,1526905122.0
14:18:38.372369,604.0,2.0,603.36,1.0,1526905114.0,1526905122.0
14:18:41.411543,604.0,2.0,603.35,2.926,1526905114.0,1526905129.0
14:18:45.230762,604.0,2.0,603.39,1.0,1526905114.0,1526905132.0
14:18:48.518950,604.0,2.0,603.89,5.0,1526905114.0,1526905136.0
14:18:52.403172,603.99,4.0,603.37,2.926,1526905138.0,1526905138.0
14:18:54.920316,604.0,2.0,603.42,1.0,1526905140.0,1526905143.0
14:18:57.008435,604.0,2.0,603.42,1.0,1526905140.0,1526905143.0
14:18:59.364570,603.32,6.49,602.09,9.397,1526905146.0,1526905147.0
14:19:00.719648,603.32,6.49,602.09,9.397,1526905146.0,1526905147.0
14:19:03.685817,603.32,6.49,602.2,15.764,1526905146.0,1526905152.0
14:19:06.471977,603.8,6.49,603.31,5.0,1526905155.0,1526905153.0
14:19:10.670217,603.8,6.49,603.31,5.0,1526905155.0,1526905153.0
14:19:13.825397,603.79,4.259,603.31,9.0,1526905158.0,1526905159.0
14:19:15.209476,603.79,4.259,603.31,9.0,1526905158.0,1526905159.0
14:19:16.564554,603.79,4.259,603.31,9.0,1526905158.0,1526905159.0
14:19:19.448719,603.76,0.11,603.31,9.0,1526905165.0,1526905159.0
14:19:22.426889,603.76,0.11,603.31,9.0,1526905165.0,1526905159.0
14:19:25.430061,603.74,4.259,603.31,9.0,1526905171.0,1526905159.0
14:19:28.490236,603.71,0.11,603.31,9.0,1526905175.0,1526905159.0
14:19:32.301454,603.74,2.369,603.31,9.0,1526905177.0,1526905159.0
14:19:34.533582,603.74,2.369,603.31,9.0,1526905177.0,1526905159.0
14:19:38.137788,603.74,2.369,603.31,9.0,1526905177.0,1526905159.0
14:19:45.355201,603.73,2.926,603.32,0.051,1526905186.0,1526905188.0
14:19:48.413376,603.72,2.369,603.31,8.911,1526905190.0,1526905193.0
14:19:49.772453,603.72,2.369,603.31,8.911,1526905190.0,1526905193.0
14:19:53.378660,603.51,5.0,603.32,0.088,1526905202.0,1526905198.0
14:19:55.348772,603.51,5.0,603.31,2.088,1526905202.0,1526905203.0
14:19:58.656961,603.5,2.369,603.31,2.088,1526905203.0,1526905203.0
14:20:02.920205,603.47,0.055,602.92,1.635,1526905209.0,1526905210.0
14:20:05.535355,603.47,2.424,602.95,1.0,1526905214.0,1526905213.0
14:20:09.371574,603.47,2.424,602.95,1.0,1526905214.0,1526905213.0
14:20:12.546756,603.45,2.926,602.97,1.0,1526905218.0,1526905218.0
14:20:16.255968,603.45,2.926,602.97,1.0,1526905218.0,1526905218.0
14:20:18.445093,603.44,2.369,602.98,0.1,1526905223.0,1526905224.0
14:20:20.670221,603.44,2.369,602.98,0.1,1526905223.0,1526905224.0
14:20:24.680450,602.0,27.163,601.42,94.602,1526905233.0,1526905232.0
14:20:26.018526,602.0,27.163,601.42,94.602,1526905233.0,1526905232.0
14:20:28.748683,602.0,26.396,601.43,4.0,1526905234.0,1526905234.0
14:20:32.051872,602.0,18.562,601.99,10.111,1526905239.0,1526905240.0
14:20:33.344946,602.0,18.562,601.99,10.111,1526905239.0,1526905240.0
14:20:36.317116,602.73,6.49,602.1,16.042,1526905244.0,1526905244.0
14:20:40.484354,602.73,6.49,602.65,5.0,1526905244.0,1526905249.0
14:20:45.236626,602.73,6.49,602.65,5.0,1526905244.0,1526905249.0
14:20:48.517813,603.17,0.055,602.66,4.0,1526905256.0,1526905256.0
14:20:49.784886,603.17,0.055,602.66,4.0,1526905256.0,1526905256.0
14:20:55.967239,603.14,0.055,602.67,1.0,1526905260.0,1526905265.0
14:20:58.083360,603.14,0.055,602.67,1.0,1526905260.0,1526905265.0
14:21:00.804516,603.14,2.924,602.67,1.0,1526905268.0,1526905265.0
14:21:04.658737,603.11,0.055,602.65,9.0,1526905273.0,1526905252.0
14:21:06.049816,603.11,0.055,602.65,9.0,1526905273.0,1526905252.0
14:21:09.721026,603.11,0.055,602.65,9.0,1526905273.0,1526905252.0
14:21:13.549245,603.11,0.055,602.65,9.0,1526905279.0,1526905252.0
14:21:18.523530,603.11,2.924,602.65,9.0,1526905284.0,1526905252.0
14:21:23.225799,602.0,50.844,601.99,12.582,1526905290.0,1526905290.0
14:21:26.477985,602.0,50.844,601.99,12.582,1526905290.0,1526905290.0
14:21:30.011187,602.0,47.978,601.99,12.582,1526905295.0,1526905290.0
14:21:31.559275,602.0,47.978,601.99,12.582,1526905295.0,1526905290.0
14:21:34.598449,602.0,47.944,601.99,12.582,1526905301.0,1526905290.0
14:21:36.656567,602.0,47.944,601.99,12.582,1526905301.0,1526905290.0
14:21:39.662739,602.0,34.786,601.99,12.582,1526905307.0,1526905290.0
14:21:41.227828,602.0,34.786,601.99,12.582,1526905307.0,1526905290.0
14:21:43.573962,602.0,34.786,601.99,12.582,1526905307.0,1526905290.0
14:21:47.667196,602.0,134.786,601.99,12.582,1526905315.0,1526905290.0
14:21:50.039332,602.0,134.66,601.99,12.582,1526905317.0,1526905290.0
14:21:53.267517,602.0,134.66,601.99,12.582,1526905317.0,1526905290.0
14:21:56.610708,602.0,137.586,601.99,12.687,1526905322.0,1526905321.0
14:21:59.558877,602.0,135.586,601.99,12.687,1526905325.0,1526905321.0
14:22:02.664054,602.0,132.66,601.99,12.687,1526905329.0,1526905321.0
14:22:04.195142,602.0,132.66,601.99,12.687,1526905329.0,1526905321.0
14:22:06.921298,602.0,129.467,601.99,12.687,1526905334.0,1526905321.0
14:22:10.765518,602.0,129.467,601.99,12.687,1526905334.0,1526905321.0
14:22:12.282604,602.0,129.467,601.99,12.687,1526905334.0,1526905321.0
14:22:15.304777,602.0,118.589,601.99,12.787,1526905343.0,1526905339.0
14:22:19.008989,602.0,118.529,601.99,12.787,1526905346.0,1526905339.0
14:22:20.304063,602.0,118.529,601.99,12.787,1526905346.0,1526905339.0
14:22:23.968273,602.0,116.906,601.99,12.787,1526905348.0,1526905339.0
14:22:27.715487,602.0,116.906,601.99,12.787,1526905348.0,1526905339.0
14:22:30.927671,602.0,114.906,601.99,9.0,1526905358.0,1526905359.0
14:22:33.082794,602.0,114.906,601.99,9.0,1526905358.0,1526905359.0
14:22:39.014133,602.0,114.906,601.99,9.0,1526905358.0,1526905359.0
14:22:41.269262,602.0,112.023,601.99,17.076,1526905368.0,1526905370.0
14:22:44.293435,602.0,112.023,601.99,17.076,1526905368.0,1526905370.0
14:22:46.416557,602.0,11.973,601.99,9.1,1526905372.0,1526905372.0
14:22:50.239775,602.0,9.778,601.99,16.247,1526905378.0,1526905377.0
14:22:53.434958,602.0,9.616,601.99,16.247,1526905381.0,1526905377.0
14:22:57.115169,602.0,3.797,601.99,9.1,1526905385.0,1526905382.0
14:22:58.505248,602.0,3.797,601.99,9.1,1526905385.0,1526905382.0
14:23:02.674487,602.0,3.797,601.99,12.987,1526905385.0,1526905388.0
14:23:04.871612,602.73,2.926,602.71,0.084,1526905388.0,1526905393.0
14:23:09.501877,602.95,6.49,602.73,0.057,1526905389.0,1526905396.0
14:23:15.083196,603.0,1.0,602.93,5.0,1526905336.0,1526905402.0
14:23:18.981419,603.0,1.0,602.93,5.0,1526905336.0,1526905402.0
14:23:22.966647,603.0,1.0,602.93,4.895,1526905336.0,1526905409.0
14:23:27.084883,603.0,1.0,602.94,0.1,1526905336.0,1526905414.0
14:23:31.103113,603.0,1.0,602.94,0.9,1526905336.0,1526905415.0
14:23:34.974334,603.65,4.385,602.94,0.9,1526905420.0,1526905415.0
14:23:38.680546,603.65,4.385,602.95,4.0,1526905420.0,1526905424.0
14:23:42.500765,603.79,2.126,602.95,8.0,1526905423.0,1526905428.0
14:23:46.564997,603.79,2.126,602.96,6.442,1526905423.0,1526905432.0
14:23:50.329212,603.79,4.0,603.29,1.0,1526905438.0,1526905438.0
14:23:54.095428,603.48,0.163,603.2,20.0,1526905441.0,1526905439.0
14:23:55.599514,603.48,0.163,603.2,20.0,1526905441.0,1526905439.0
14:23:59.560740,603.45,1.0,603.2,20.0,1526905446.0,1526905439.0
14:24:03.381959,603.44,4.0,603.2,20.0,1526905451.0,1526905439.0
15:02:12.847217,601.66,0.033,601.29,5.0,1526907720.0,1526907734.0
15:02:17.980510,601.54,5.0,601.29,5.0,1526907741.0,1526907734.0
15:02:22.109747,601.57,5.0,601.24,52.503,1526907750.0,1526907732.0
15:02:24.602889,601.66,4.0,601.24,52.503,1526907751.0,1526907732.0
15:02:47.658208,601.52,5.0,601.24,46.191,1526907760.0,1526907775.0
15:02:52.540487,601.16,5.0,600.79,2.74,1526907779.0,1526907779.0
15:02:53.991570,601.16,5.0,600.79,2.74,1526907779.0,1526907779.0
15:02:58.626835,601.23,4.0,601.01,1.502,1526907779.0,1526907783.0
15:03:03.258100,601.23,4.0,601.01,0.212,1526907779.0,1526907787.0
15:03:08.619407,601.12,0.085,600.96,5.0,1526907793.0,1526907783.0
15:03:12.601635,601.12,0.085,600.96,5.0,1526907793.0,1526907800.0
15:03:16.837877,601.12,0.085,600.69,2.74,1526907793.0,1526907799.0
15:03:20.826105,601.12,0.085,600.91,5.0,1526907793.0,1526907805.0
15:03:22.365193,601.12,0.085,600.91,5.0,1526907793.0,1526907805.0
15:03:26.215413,601.12,0.085,601.1,1.0,1526907793.0,1526907812.0
15:03:31.661725,601.12,0.085,601.1,1.0,1526907793.0,1526907812.0
15:48:11.569007,601.01,4.805,601.0,16.162,1526910499.0,1526910498.0
15:48:13.412112,601.01,4.805,601.0,16.162,1526910499.0,1526910498.0
15:48:16.683299,601.01,0.805,601.0,16.162,1526910504.0,1526910498.0
15:48:20.964544,601.01,4.805,601.0,2.0,1526910506.0,1526910509.0
16:15:56.839584,597.79,3.436,597.21,0.175,1526912165.0,1526912160.0
16:15:58.352671,597.79,3.436,597.21,0.175,1526912165.0,1526912160.0
16:17:37.870363,596.66,0.234,595.48,0.038,1526912258.0,1526912265.0
16:17:41.801588,596.46,0.07,595.48,0.038,1526912265.0,1526912267.0
16:18:41.336993,596.1,14.27,593.99,3.488,1526912329.0,1526912329.0
16:25:37.441793,595.98,0.117,595.78,5.0,1526912724.0,1526912734.0
16:25:42.857103,595.98,0.117,595.79,2.926,1526912724.0,1526912749.0
16:25:44.514197,595.98,0.117,595.79,2.926,1526912724.0,1526912749.0
16:25:47.611375,595.98,0.117,595.79,2.926,1526912724.0,1526912749.0
16:25:51.579602,596.05,0.085,595.67,6.596,1526912758.0,1526912706.0
16:25:55.718838,596.05,0.085,595.85,5.0,1526912758.0,1526912763.0
16:25:59.956081,596.05,0.085,595.67,6.636,1526912758.0,1526912763.0
16:26:04.935365,596.05,0.085,595.67,6.636,1526912758.0,1526912763.0
16:26:08.904592,596.05,0.085,595.68,4.308,1526912758.0,1526912772.0
16:26:13.867876,596.05,0.085,595.68,4.308,1526912758.0,1526912772.0
16:26:18.048115,596.05,4.085,595.69,2.926,1526912786.0,1526912785.0
16:26:19.610205,596.05,4.085,595.69,2.926,1526912786.0,1526912785.0
16:26:22.803387,596.05,4.085,596.0,8.35,1526912786.0,1526912789.0
16:26:26.910622,596.05,4.085,596.0,11.809,1526912786.0,1526912792.0
16:26:30.841847,596.05,4.085,596.0,11.809,1526912786.0,1526912792.0
16:26:34.950082,596.05,4.085,596.0,21.809,1526912786.0,1526912798.0
16:26:39.039316,596.05,0.085,596.01,5.0,1526912805.0,1526912805.0
16:26:40.456397,596.05,0.085,596.01,5.0,1526912805.0,1526912805.0
16:26:43.765586,596.05,4.085,596.0,1.809,1526912809.0,1526912809.0
16:26:48.263844,596.05,4.085,596.0,1.809,1526912809.0,1526912809.0
16:26:51.262015,596.02,0.113,596.0,1.809,1526912819.0,1526912809.0
16:26:56.374308,596.02,0.113,596.0,1.112,1526912819.0,1526912822.0
16:26:59.628494,596.02,0.113,596.0,1.112,1526912819.0,1526912822.0
16:27:04.139752,596.02,0.113,596.0,1.112,1526912828.0,1526912822.0
16:27:08.131980,596.02,0.455,596.0,10.112,1526912834.0,1526912836.0
16:27:09.685069,596.02,0.455,596.0,10.112,1526912834.0,1526912836.0
16:27:14.287332,596.02,0.342,596.0,10.112,1526912838.0,1526912836.0
16:27:18.919597,596.02,0.342,596.0,5.112,1526912838.0,1526912843.0
16:27:24.165897,596.05,0.085,596.0,5.112,1526912824.0,1526912848.0
16:27:26.268017,596.05,4.085,595.73,4.286,1526912854.0,1526912811.0
16:27:28.915169,596.05,4.085,595.73,4.286,1526912854.0,1526912811.0
16:27:32.813392,596.05,1.085,595.73,4.286,1526912856.0,1526912811.0
16:27:37.016632,596.0,2.695,595.6,10.0,1526912862.0,1526912787.0
16:27:41.106866,595.9,1.935,595.6,10.0,1526912866.0,1526912787.0
16:27:45.390111,595.9,1.935,595.6,12.264,1526912866.0,1526912871.0
16:27:49.379339,595.9,1.935,595.86,5.0,1526912866.0,1526912875.0
16:27:53.488574,595.9,1.935,595.86,5.0,1526912866.0,1526912875.0
16:27:55.216673,595.9,1.935,595.86,5.0,1526912866.0,1526912875.0
16:28:00.283963,595.9,1.935,595.6,10.951,1526912888.0,1526912885.0
16:28:03.510148,595.9,1.935,595.6,10.951,1526912888.0,1526912885.0
16:28:07.724389,595.9,1.935,595.6,10.951,1526912888.0,1526912885.0
16:28:09.356482,595.9,1.935,595.6,10.951,1526912888.0,1526912885.0
16:28:12.353653,595.9,1.935,595.6,10.951,1526912888.0,1526912885.0
16:28:17.353939,595.9,1.935,595.6,10.951,1526912888.0,1526912885.0
16:28:21.753191,595.9,1.935,595.6,10.951,1526912888.0,1526912885.0
16:28:26.143442,595.99,4.0,595.6,10.951,1526912914.0,1526912885.0
16:28:28.532579,595.99,4.0,595.6,6.951,1526912914.0,1526912915.0
16:28:33.045837,595.99,4.0,595.6,6.951,1526912914.0,1526912921.0
16:28:37.036065,595.99,4.0,595.6,6.951,1526912914.0,1526912921.0
16:28:41.151300,595.99,4.0,595.6,6.951,1526912914.0,1526912921.0
16:28:47.710676,595.99,4.0,595.6,6.951,1526912914.0,1526912921.0
16:28:50.242821,595.98,2.926,595.02,4.0,1526912938.0,1526912937.0
16:28:54.329054,595.98,2.926,595.02,4.0,1526912938.0,1526912937.0
16:28:57.832255,595.98,3.038,595.02,0.592,1526912941.0,1526912945.0
16:28:59.372343,595.98,3.038,595.02,0.592,1526912941.0,1526912945.0
16:29:02.152502,595.98,3.038,594.6,0.156,1526912941.0,1526912950.0
16:29:03.697590,595.98,3.038,594.6,0.156,1526912941.0,1526912950.0
16:29:07.205791,595.99,3.324,594.64,4.0,1526912954.0,1526912954.0
16:29:11.321026,595.99,3.324,594.65,2.926,1526912954.0,1526912957.0
16:29:16.307311,595.96,1.0,594.65,2.926,1526912959.0,1526912957.0
16:29:19.422489,595.96,1.0,594.65,8.734,1526912959.0,1526912964.0
16:29:22.535668,595.96,1.0,594.65,8.734,1526912959.0,1526912964.0
16:29:27.381945,595.96,1.0,595.28,5.0,1526912959.0,1526912974.0
16:29:31.033154,595.9,1.779,594.68,2.926,1526912976.0,1526912974.0
16:29:34.895374,595.9,1.779,594.68,2.926,1526912976.0,1526912974.0
16:29:39.396632,595.89,0.035,595.25,9.0,1526912984.0,1526912986.0
16:29:42.828828,595.84,1.0,595.25,9.0,1526912988.0,1526912986.0
16:29:47.352087,595.84,1.0,595.25,9.0,1526912988.0,1526912986.0
16:29:50.813285,595.84,1.0,595.25,9.0,1526912988.0,1526912986.0
16:29:55.604559,596.24,6.49,595.25,9.0,1526913002.0,1526912986.0
16:29:59.720794,596.24,6.49,595.25,9.0,1526913002.0,1526912986.0
16:30:02.128932,596.23,0.055,595.29,2.926,1526913008.0,1526913009.0
16:30:04.429064,596.23,0.055,595.29,2.926,1526913008.0,1526913009.0
16:30:07.932264,595.99,0.063,595.32,1.0,1526913014.0,1526913014.0
16:30:13.121561,596.58,1.656,595.35,1.0,1526913021.0,1526913020.0
16:30:18.418864,596.27,6.49,595.26,1.445,1526913021.0,1526913014.0
16:30:21.648049,596.27,4.0,595.29,1.0,1526913030.0,1526913029.0
16:30:25.616276,596.08,0.111,595.26,1.445,1526913033.0,1526913014.0
16:30:27.963410,596.08,0.111,595.26,1.445,1526913033.0,1526913014.0
16:30:30.884577,596.08,0.111,595.62,5.0,1526913033.0,1526913038.0
16:30:35.118819,595.0,18.08,594.71,3.264,1526913043.0,1526913001.0
16:30:40.115105,595.0,17.96,594.99,5.0,1526913046.0,1526913047.0
16:30:44.361348,595.0,17.96,594.99,5.0,1526913046.0,1526913047.0
16:30:47.825546,595.0,18.96,594.7,16.596,1526913055.0,1526913053.0
16:30:49.497641,595.0,18.96,594.7,16.596,1526913055.0,1526913053.0
16:30:53.656879,595.0,17.36,594.92,5.0,1526913060.0,1526913062.0
16:30:57.731112,594.99,4.0,594.71,5.208,1526913063.0,1526913059.0
16:31:01.300317,594.99,4.0,594.59,0.224,1526913063.0,1526913052.0
16:31:05.499557,594.99,4.0,594.6,0.186,1526913063.0,1526913073.0
16:31:09.929810,594.96,1.0,594.61,0.33,1526913074.0,1526913076.0
16:31:13.464012,594.94,3.777,594.61,0.33,1526913082.0,1526913076.0
16:31:18.776316,594.94,3.777,594.62,0.063,1526913082.0,1526913083.0
16:31:23.100563,594.94,4.265,594.62,0.063,1526913087.0,1526913083.0
16:31:25.317690,594.94,4.265,594.62,0.063,1526913087.0,1526913083.0
16:31:29.478928,594.9,2.926,594.62,0.063,1526913096.0,1526913083.0
16:31:33.601164,594.83,6.49,594.62,0.063,1526913101.0,1526913083.0
16:31:36.161310,594.83,6.49,593.66,1.168,1526913101.0,1526913103.0
16:31:38.569448,594.83,6.49,593.66,1.168,1526913101.0,1526913103.0
16:31:42.415668,594.8,1.0,594.63,0.33,1526913108.0,1526913110.0
16:31:45.174826,594.8,1.0,594.63,0.33,1526913108.0,1526913110.0
16:31:49.309063,594.81,4.0,594.63,0.33,1526913112.0,1526913110.0
16:31:53.291290,594.76,6.49,593.69,1.0,1526913121.0,1526913121.0
16:31:57.140510,594.76,6.49,593.68,4.0,1526913121.0,1526913122.0
16:32:01.500760,594.76,6.49,593.69,2.926,1526913121.0,1526913128.0
16:32:06.454043,594.73,7.11,593.69,2.926,1526913131.0,1526913128.0
16:32:11.578336,594.72,4.664,593.68,2.926,1526913140.0,1526913139.0
16:32:15.738574,594.71,6.49,594.0,712.0,1526913142.0,1526913142.0
16:32:19.775805,594.71,6.49,594.0,712.0,1526913142.0,1526913142.0
16:32:24.367068,594.79,6.49,594.57,5.0,1526913152.0,1526913152.0
16:32:28.018277,594.68,0.62,594.03,0.38,1526913153.0,1526913152.0
16:32:31.806493,594.78,0.514,594.04,4.0,1526913157.0,1526913160.0
16:32:35.795721,594.77,0.569,594.01,0.062,1526913161.0,1526913156.0
16:32:37.405813,594.77,0.569,594.01,0.062,1526913161.0,1526913156.0
16:32:42.633112,594.75,0.62,594.05,4.0,1526913167.0,1526913165.0
16:32:47.457388,594.75,0.62,594.16,1.543,1526913167.0,1526913174.0
16:32:51.357611,594.75,0.62,594.17,2.926,1526913167.0,1526913177.0
16:32:55.367841,594.75,0.62,594.16,1.543,1526913167.0,1526913174.0
16:32:59.473076,594.74,3.427,594.01,2.988,1526913184.0,1526913184.0
16:33:01.564195,594.74,3.427,594.01,2.988,1526913184.0,1526913184.0
16:33:05.097397,594.42,6.49,594.02,4.0,1526913191.0,1526913191.0
16:33:09.023622,594.42,6.49,594.02,4.0,1526913191.0,1526913191.0
16:33:10.574711,594.42,6.49,594.02,4.0,1526913191.0,1526913191.0
16:33:14.423931,594.4,6.49,594.01,0.062,1526913201.0,1526913191.0
16:33:18.600170,594.4,6.49,594.0,712.0,1526913201.0,1526913142.0
16:33:22.733406,594.4,6.49,594.0,712.0,1526913201.0,1526913142.0
16:33:27.434675,594.25,6.49,594.0,712.0,1526913211.0,1526913142.0
16:33:32.878986,594.25,6.49,594.0,712.0,1526913211.0,1526913142.0
16:33:35.361128,594.39,6.49,594.01,2.926,1526913222.0,1526913222.0
16:33:37.704262,594.39,6.49,594.01,2.926,1526913222.0,1526913222.0
16:33:41.828498,594.38,82.59,594.0,712.0,1526913230.0,1526913142.0
16:33:46.073741,594.38,82.59,594.0,712.0,1526913230.0,1526913142.0
16:33:50.286982,594.38,86.909,594.0,712.0,1526913233.0,1526913142.0
16:33:53.786182,594.38,86.321,594.0,712.0,1526913240.0,1526913142.0
16:33:55.585285,594.38,86.321,594.0,712.0,1526913240.0,1526913142.0
16:33:58.519453,594.38,4.319,594.0,712.0,1526913245.0,1526913142.0
16:34:02.485680,594.37,82.59,594.0,711.201,1526913248.0,1526913248.0
16:34:06.543912,594.35,82.59,594.01,2.116,1526913252.0,1526913251.0
16:34:11.894218,594.35,86.59,594.02,2.377,1526913257.0,1526913259.0
16:34:15.162405,594.34,0.55,594.01,2.116,1526913263.0,1526913258.0
16:34:18.516597,594.34,0.916,594.1,2.096,1526913266.0,1526913266.0
16:34:22.868846,594.34,0.032,594.1,2.096,1526913269.0,1526913266.0
16:34:27.104088,594.34,0.032,594.1,2.096,1526913269.0,1526913274.0
16:34:30.483281,594.33,4.0,594.1,2.096,1526913278.0,1526913278.0
16:34:34.786527,594.34,0.032,594.1,6.096,1526913276.0,1526913282.0
16:34:37.420678,594.34,0.032,594.1,6.096,1526913276.0,1526913285.0
16:34:39.933822,594.34,0.032,594.1,6.096,1526913276.0,1526913285.0
16:34:42.298957,594.31,82.59,594.16,1.408,1526913291.0,1526913289.0
16:34:45.588145,594.31,82.59,594.16,1.408,1526913291.0,1526913289.0
16:34:49.334359,594.31,86.59,594.16,1.408,1526913294.0,1526913289.0
16:34:52.052515,594.2,500.0,594.16,0.808,1526913301.0,1526913300.0
16:34:53.820616,594.2,500.0,594.16,0.808,1526913301.0,1526913300.0
16:34:57.752841,594.19,4.0,594.17,0.737,1526913305.0,1526913305.0
16:35:04.509227,594.19,4.0,594.17,0.737,1526913305.0,1526913305.0
16:35:06.451338,594.18,0.55,594.17,0.737,1526913313.0,1526913305.0
16:35:10.870591,594.18,0.55,594.17,0.737,1526913313.0,1526913305.0
16:35:16.847933,594.18,0.55,594.17,0.737,1526913313.0,1526913305.0
16:35:18.675038,594.18,0.55,594.1,2.096,1526913313.0,1526913287.0
16:35:20.271129,594.18,0.55,594.1,2.096,1526913313.0,1526913287.0
16:35:23.431310,594.18,4.0,594.17,0.602,1526913328.0,1526913328.0
16:35:27.754557,594.18,4.0,594.17,0.602,1526913328.0,1526913328.0
16:35:31.657780,594.18,4.0,594.17,0.602,1526913328.0,1526913328.0
16:35:35.679010,594.19,0.233,594.17,0.602,1526913338.0,1526913328.0
16:35:40.192268,594.19,0.233,594.17,9.0,1526913338.0,1526913348.0
16:35:42.532402,594.19,0.233,594.18,0.665,1526913338.0,1526913351.0
16:35:45.220556,594.19,0.233,594.18,0.665,1526913338.0,1526913351.0
16:35:48.259730,594.2,498.277,594.18,0.665,1526913354.0,1526913351.0
16:35:53.232014,594.2,441.881,594.18,0.665,1526913359.0,1526913351.0
16:35:57.715271,594.2,196.279,594.18,0.965,1526913366.0,1526913365.0
16:36:00.344421,594.2,196.279,594.18,0.965,1526913366.0,1526913365.0
16:36:02.598550,594.2,196.279,594.18,0.965,1526913366.0,1526913365.0
16:36:05.038689,594.2,196.279,594.19,10.0,1526913366.0,1526913372.0
16:36:07.302819,594.2,196.279,594.19,10.0,1526913366.0,1526913372.0
16:36:11.604065,594.2,191.313,594.19,10.679,1526913379.0,1526913376.0
16:36:14.248216,594.2,191.313,594.19,10.679,1526913379.0,1526913376.0
16:36:18.726472,594.2,191.313,594.19,10.171,1526913379.0,1526913384.0
16:36:22.514689,594.2,188.785,594.19,10.171,1526913389.0,1526913384.0
16:36:26.045891,594.2,188.785,594.19,10.171,1526913389.0,1526913384.0
16:36:27.548977,594.2,188.785,594.19,10.171,1526913389.0,1526913384.0
16:36:31.649211,594.2,188.785,594.19,10.171,1526913389.0,1526913384.0
16:36:35.441428,594.2,188.785,594.19,10.171,1526913389.0,1526913384.0
16:36:39.496660,594.2,188.785,594.19,10.171,1526913389.0,1526913384.0
16:36:41.030748,594.2,188.785,594.19,10.171,1526913389.0,1526913384.0
16:36:45.515005,594.2,186.735,594.19,10.171,1526913411.0,1526913384.0
16:36:50.640298,594.2,186.735,594.19,10.171,1526913411.0,1526913384.0
16:36:52.434400,594.2,186.735,594.19,10.171,1526913411.0,1526913384.0
16:36:55.647584,594.2,185.735,594.19,10.171,1526913424.0,1526913384.0
16:36:57.375683,594.2,185.735,594.19,10.171,1526913424.0,1526913384.0
16:37:01.244904,594.2,185.735,594.19,17.409,1526913424.0,1526913428.0
16:37:04.790107,594.2,185.735,594.19,17.409,1526913424.0,1526913428.0
16:37:07.592267,594.2,184.735,594.19,22.359,1526913435.0,1526913435.0
16:37:11.741505,594.2,184.735,594.19,22.359,1526913435.0,1526913435.0
16:37:15.843739,594.2,184.735,594.19,22.359,1526913435.0,1526913435.0
16:37:19.723961,594.2,184.735,594.19,21.359,1526913435.0,1526913446.0
16:37:23.669187,594.2,184.735,594.19,21.359,1526913435.0,1526913446.0
16:37:25.410286,594.2,184.735,594.19,21.359,1526913435.0,1526913446.0
16:37:29.557524,594.2,184.735,594.19,21.359,1526913435.0,1526913446.0
16:37:33.476748,594.2,184.735,594.19,20.825,1526913435.0,1526913461.0
16:37:37.741992,594.2,184.735,594.19,20.825,1526913435.0,1526913463.0
16:37:41.984234,594.2,182.735,594.19,15.825,1526913469.0,1526913469.0
16:37:46.061468,594.2,182.735,594.19,20.825,1526913469.0,1526913470.0
16:37:50.009693,594.2,182.735,594.19,15.825,1526913478.0,1526913476.0
16:37:52.541838,594.2,182.735,594.19,15.825,1526913480.0,1526913476.0
16:37:56.084041,594.2,182.735,594.19,15.825,1526913483.0,1526913476.0
16:37:59.301225,594.2,182.735,594.19,15.825,1526913483.0,1526913476.0
16:38:03.872486,594.2,182.735,594.19,20.825,1526913487.0,1526913489.0
16:38:09.190790,594.2,162.133,594.19,20.825,1526913492.0,1526913495.0
16:38:13.137016,594.2,162.133,594.19,20.825,1526913492.0,1526913495.0
16:38:15.540154,594.2,157.134,594.19,20.825,1526913505.0,1526913495.0
16:38:18.312312,594.2,157.134,594.19,20.825,1526913505.0,1526913495.0
16:38:21.781511,594.2,157.134,594.19,20.825,1526913505.0,1526913507.0
16:38:26.020753,594.2,157.134,594.19,20.825,1526913505.0,1526913507.0
16:38:29.650961,594.2,157.134,594.19,19.519,1526913505.0,1526913515.0
16:38:33.964207,594.2,157.134,594.19,19.519,1526913505.0,1526913515.0
16:38:38.028440,594.2,157.134,594.19,19.519,1526913505.0,1526913515.0
16:38:42.098673,594.2,157.134,594.19,19.519,1526913505.0,1526913515.0
16:38:43.645761,594.2,157.134,594.19,19.519,1526913505.0,1526913515.0
16:38:46.487924,594.2,157.134,594.19,19.519,1526913505.0,1526913515.0
16:38:50.392147,594.2,157.134,594.19,19.519,1526913505.0,1526913515.0
16:38:55.069415,594.2,157.134,594.19,19.519,1526913505.0,1526913515.0
16:38:59.766683,594.2,157.134,594.19,14.519,1526913505.0,1526913546.0
16:39:14.200509,594.2,162.134,594.19,14.32,1526913562.0,1526913562.0
16:39:17.460695,594.2,157.134,594.19,10.32,1526913565.0,1526913565.0
16:39:20.537871,594.2,161.134,594.19,10.32,1526913569.0,1526913565.0
16:39:22.116962,594.2,161.134,594.19,10.32,1526913569.0,1526913565.0
16:39:27.595275,594.2,155.072,594.19,10.32,1526913575.0,1526913574.0
16:39:31.752513,594.2,155.072,594.19,10.32,1526913575.0,1526913574.0
16:39:36.837804,594.2,155.072,594.19,10.32,1526913575.0,1526913574.0
16:39:41.031043,594.2,154.741,594.19,7.968,1526913589.0,1526913588.0
16:39:42.662137,594.2,154.741,594.19,7.968,1526913589.0,1526913588.0
16:39:46.747370,594.2,149.741,594.19,6.938,1526913594.0,1526913592.0
16:54:55.473347,595.0,3.0,594.86,0.031,1526914501.0,1526914500.0
16:54:56.544408,595.0,3.0,594.86,0.031,1526914501.0,1526914500.0
16:54:58.482519,595.0,3.0,594.86,0.031,1526914501.0,1526914507.0
16:54:59.566581,595.0,3.0,594.86,0.031,1526914501.0,1526914507.0
16:55:01.441688,595.0,2.946,594.86,5.031,1526914509.0,1526914509.0
16:55:02.508749,595.0,2.946,594.86,5.031,1526914509.0,1526914509.0
16:55:04.296851,595.0,2.946,594.86,0.031,1526914509.0,1526914510.0
16:55:05.374913,595.0,2.946,594.86,0.031,1526914509.0,1526914510.0
16:55:06.459975,595.0,2.946,594.86,0.031,1526914509.0,1526914510.0
16:55:08.281079,595.0,2.946,594.93,5.0,1526914509.0,1526914514.0
16:55:09.352140,595.0,2.946,594.93,5.0,1526914509.0,1526914514.0
16:55:10.420201,595.0,2.946,594.93,5.0,1526914509.0,1526914514.0
16:55:12.525322,595.33,0.081,594.93,5.0,1526914505.0,1526914514.0
16:55:13.656387,595.33,0.081,594.93,5.0,1526914505.0,1526914514.0
16:55:15.547495,595.33,0.081,594.93,5.0,1526914505.0,1526914514.0
16:55:17.476605,595.97,2.107,594.93,0.704,1526914525.0,1526914525.0
16:55:18.569668,595.97,2.107,594.93,0.704,1526914525.0,1526914525.0
16:55:20.557781,595.53,5.0,594.94,0.82,1526914529.0,1526914528.0
16:55:21.636843,595.53,5.0,594.94,0.82,1526914529.0,1526914528.0
16:55:23.582954,595.53,9.0,594.93,0.704,1526914532.0,1526914525.0
16:55:24.685017,595.53,9.0,594.93,0.704,1526914532.0,1526914525.0
16:55:25.751078,595.53,9.0,594.93,0.704,1526914532.0,1526914525.0
16:55:27.692189,595.46,5.0,594.93,0.704,1526914536.0,1526914525.0
16:55:28.764251,595.46,5.0,594.93,0.704,1526914536.0,1526914525.0
16:55:29.845313,595.46,5.0,594.93,0.704,1526914536.0,1526914525.0
16:55:31.660416,595.95,2.107,594.93,0.704,1526914537.0,1526914525.0
16:55:32.743478,595.95,2.107,594.93,0.704,1526914537.0,1526914525.0
16:55:33.811539,595.95,2.107,594.93,0.704,1526914537.0,1526914525.0
16:55:35.720649,595.96,4.0,594.94,0.82,1526914527.0,1526914542.0
16:55:36.805711,595.96,4.0,594.94,0.82,1526914527.0,1526914542.0
16:55:38.748822,595.71,5.0,594.97,1.0,1526914544.0,1526914545.0
16:55:39.814883,595.71,5.0,594.97,1.0,1526914544.0,1526914545.0
16:55:40.875943,595.71,5.0,594.97,1.0,1526914544.0,1526914545.0
16:58:47.432614,595.02,0.031,594.6,4.51,1526914705.0,1526914736.0
16:58:48.562679,595.02,0.031,594.6,4.51,1526914705.0,1526914736.0
16:58:54.964045,595.65,6.49,595.05,1.0,1526914743.0,1526914743.0
16:58:56.063108,595.65,6.49,595.05,1.0,1526914743.0,1526914743.0
16:58:57.146169,595.65,6.49,595.05,1.0,1526914743.0,1526914743.0
